Workbook

Sheet Executive Summary
A1: PT SERBA ADA SEJAHTERA (ANN ARBOR SUPERMARKET & PHARMACY)
A2: EXECUTIVE BRIEFING & RINGKASAN TEMUAN AUDIT PERPAJAKAN TAHUN 2025
A4: INFORMASI ENTITAS & KASUS AUDIT
A5: Nama Wajib Pajak | B5: PT Serba Ada Sejahtera (Ann Arbor Supermarket & Apotek)
A6: NPWP / NIK | B6: 01.345.678.9-012.000
A7: Jenis Usaha Utama | B7: Supermarket Ritel & Unit Baru Apotek (Pharmacy Addition - Kasus 6)
A8: Masa / Tahun Pajak | B8: Januari - Desember 2025
A9: Nomor SP2DK DJP | B9: S-892/WPJ.07/KP.04/2026 (KPP Madya Jakarta)
A10: Nilai Investasi Apotek | B10: Rp 18.000.000.000 ($1.200.000 USD @ Rp 15.000)
A11: Jumlah Pelanggan Bulanan | B11: 10.000 Pelanggan Unik (8.750 Memiliki Kebutuhan Resep / Obat)
A13: RINGKASAN POTENSI KURANG BAYAR PAJAK HASIL AUDIT
A14: Jenis Pajak | B14: Pokok Pajak SPT | C14: Pokok Pajak Audit | D14: Kurang Bayar (Pokok) | E14: Sanksi KUP Bunga | F14: Total Tagihan Pajak | G14: Keterangan Ringkas
A15: PPN Penyerahan Apotek & Supermarket | B15: ='Ekualisasi PPN'!C7*0.11 | C15: ='Ekualisasi PPN'!F7 | D15: =C15-B15 | E15: =D15*0.14 | F15: =D15+E15 | G15: Koreksi Omzet Apotek OTC & Obat Resep
A16: PPh Pasal 21 Dokter & Apoteker | B16: ='Ekualisasi PPh'!E8 | C16: ='Ekualisasi PPh'!F8 | D16: =C16-B16 | E16: =D16*0.14 | F16: =D16+E16 | G16: Rekonsiliasi Pemisahan Jasa Medis Dokter
A17: PPh Pasal 23 KSO Alat Cek Medis | B17: ='Ekualisasi PPh'!E16 | C17: ='Ekualisasi PPh'!F16 | D17: =C17-B17 | E17: =D17*0.14 | F17: =D17+E17 | G17: Pemotongan 2% atas Bagi Hasil KSO
A18: PPh Pasal 4(2) Sewa Booth Apotek | B18: ='Ekualisasi PPh'!E23 | C18: ='Ekualisasi PPh'!F23 | D18: =C18-B18 | E18: =D18*0.14 | F18: =D18+E18 | G18: Sewa Ruangan Booth Apotek & Kantin 10%
A19: PPh Badan (Tahunan 2025) | B19: ='Laporan Keuangan'!B24 | C19: ='Laporan Keuangan'!E24 | D19: =C19-B19 | E19: =D19*0.02 | F19: =D19+E19 | G19: Koreksi Kapitalisasi Amortisasi Investasi 18M
A20: TOTAL POTENSI PAJAK & SANKSI | B20: =SUM(B15:B19) | C20: =SUM(C15:C19) | D20: =SUM(D15:D19) | E20: =SUM(E15:E19) | F20: =SUM(F15:F19) | G20: Rekomendasi Pembayaran & Tanggapan SP2DK

Sheet Laporan Keuangan
A1: PT SERBA ADA SEJAHTERA
A2: LAPORAN LABA RUGI DEDUKSI FISKAL (SEBELUM VS SESUDAH AUDIT) TAHUN 2025
A4: Komponen Laba Rugi | B4: Komersial (SPT) | C4: Koreksi Positif | D4: Koreksi Negatif | E4: Fiskal (Hasil Audit)
A5: Penjualan Supermarket (Ritel) | B5: 45000000000 | C5: 0 | D5: 0 | E5: =B5+C5-D5
A6: Penjualan Apotek - OTC (Obat Bebas) | B6: 8000000000 | C6: 0 | D6: 0 | E6: =B6+C6-D6
A7: Penjualan Apotek - Resep Dokter | B7: 4000000000 | C7: 0 | D7: 0 | E7: =B7+C7-D7
A8: TOTAL PENDAPATAN BRUTO | B8: =SUM(B5:B7) | C8: =SUM(C5:C7) | D8: =SUM(D5:D7) | E8: =SUM(E5:E7)
A9: Beban Pokok Penjualan (HPP) Supermarket | B9: 31500000000 | C9: 0 | D9: 0 | E9: =B9+C9-D9
A10: Beban Pokok Penjualan (HPP) Apotek | B10: 8400000000 | C10: 0 | D10: 0 | E10: =B10+C10-D10
A11: LABA KOTOR BRUTO | B11: =B8-B9-B10 | C11: =C8-C9-C10 | D11: =D8-D9-D10 | E11: =E8-E9-E10
A12: Beban Operasional Gaji & Tunjangan Staff | B12: 4200000000 | C12: 0 | D12: 0 | E12: =B12+C12-D12
A13: Jasa Medis Dokter & Honor Apoteker | B13: 1500000000 | C13: 0 | D13: 0 | E13: =B13+C13-D13
A14: Beban Investasi Awal Apotek (Di-OpEx-kan Klien) | B14: 18000000000 | C14: 0 | D14: 18000000000 | E14: =B14+C14-D14
A15: Beban Amortisasi Harta Tak Berwujud / Renovasi | B15: 0 | C15: 4500000000 | D15: 0 | E15: =B15+C15-D15
A16: Beban Sewa & Utility Supermarket | B16: 1200000000 | C16: 0 | D16: 0 | E16: =B16+C16-D16
A17: Beban Promosi & Pemasaran (Tanpa Daftar Nominatif) | B17: 800000000 | C17: 800000000 | D17: 0 | E17: =B17+C17-D17
A18: Beban Operasional Lainnya | B18: 600000000 | C18: 0 | D18: 0 | E18: =B18+C18-D18
A19: TOTAL BEBAN OPERASIONAL | B19: =SUM(B12:B18) | C19: =SUM(C12:C18) | D19: =SUM(D12:D18) | E19: =SUM(E12:E18)
A20: LABA OPERASIONAL (EBIT) | B20: =B11-B19 | C20: =C11-C19 | D20: =D11-D19 | E20: =E11-E19
A21: Pendapatan Lain-Lain (Sewa Space Kantin & ATM) | B21: 450000000 | C21: 0 | D21: 450000000 | E21: =B21+C21-D21
A22: LABA SEBELUM PAJAK (EBT) | B22: =B20+B21 | C22: =C20+C21 | D22: =D20+D21 | E22: =E20+E21
A23: Penghasilan Kena Pajak (PKP) | B23: =B22 | C23: 0 | D23: 0 | E23: =E22
A24: PPh Badan Terutang (Tarif 22%) | B24: =B23*0.22 | C24: 0 | D24: 0 | E24: =E23*0.22

Sheet Ekualisasi PPN
A1: KERTAS KERJA AUDIT EKUALISASI PPN PENYERAHAN SUPERMARKET & APOTEK
A3: Kategori Penyerahan / Omzet | B3: Nilai Bruto (Inklusif PPN) | C3: DPP PPN SPT Masa | D3: DPP PPN Audit | E3: Selisih DPP Koreksi | F3: PPN Keluaran Terutang (11%)
A4: Penjualan Supermarket (Ritel BKP - E-Faktur Digabung) | B4: 45000000000 | C4: =(100/111)*B4 | D4: =(100/111)*B4 | E4: =D4-C4 | F4: =11%*D4
A5: Penjualan Apotek - OTC (Obat Bebas Ritel BKP) | B5: 8000000000 | C5: 7207207207 | D5: =(100/111)*B5 | E5: =D5-C5 | F5: =11%*D5
A6: Penjualan Apotek - Obat Resep Dokter (Diakui Non-BKP oleh Klien) | B6: 4000000000 | C6: 0 | D6: =(100/111)*B6 | E6: =D6-C6 | F6: =11%*D6
A7: TOTAL PENYERAHAN BKP APOTEK & SUPERMARKET | B7: =SUM(B4:B6) | C7: =SUM(C4:C6) | D7: =SUM(D4:D6) | E7: =SUM(E4:E6) | F7: =SUM(F4:F6)
A9: REKONSILIASI PPN TERUTANG VS DILAPORKAN SPT MASA
A10: PPN Keluaran Hasil Audit | B10: =F7
A11: PPN Keluaran Dilaporkan SPT Masa | B11: =C7*0.11
A12: Selisih Kurang Bayar PPN (Pokok) | B12: =B10-B11
A13: Estimasi Sanksi Bunga Pasal 9 (2a) UU KUP (14 Bulan @ ~1%) | B13: =B12*0.14
A14: TOTAL KEWAJIBAN PPN TERUTANG & SANKSI | B14: =B12+B13

Sheet Ekualisasi PPh
A1: KERTAS KERJA AUDIT EKUALISASI PPH 21, PPH 23, DAN PPH 4(2)
A3: 1. AUDIT EKUALISASI PPH PASAL 21 (DOKTER & APOTEKER)
A4: Komponen Pembayaran Medis | B4: Nilai Bruto Ledger | C4: DPP PPh 21 SPT | D4: DPP PPh 21 Audit | E4: PPh 21 Dipotong SPT | F4: PPh 21 Audit Terutang
A5: Gaji & Tunjangan Apoteker Pengelola (Pegawai Tetap) | B5: 360000000 | C5: 360000000 | D5: 360000000 | E5: 18000000 | F5: 18000000
A6: Honorarium Dokter Konsultasi Booth Apotek (Bukan Pegawai) | B6: 600000000 | C6: 600000000 | D6: =50%*B6 | E6: 30000000 | F6: =D6*0.15
A7: Jasa Medis Resep Dokter Mitra | B7: 540000000 | C7: 0 | D7: =50%*B7 | E7: 0 | F7: =D7*0.15
A8: TOTAL PPH PASAL 21 MEDIS | B8: =SUM(B5:B7) | C8: =SUM(C5:C7) | D8: =SUM(D5:D7) | E8: =SUM(E5:E7) | F8: =SUM(F5:F7)
A10: SELISIH KURANG POTONG PPH 21 | B10: =F8-E8
A12: 2. AUDIT EKUALISASI PPH PASAL 23 (KSO ALAT CEK KESEHATAN APOTEK)
A13: Jenis Transaksi KSO & Jasa Teknik | B13: Nilai Bruto KSO | C13: Objek PPh 23 Audit | D13: Tarif Pajak | E13: PPh 23 Dipotong SPT | F13: PPh 23 Terutang Audit
A14: Bagi Hasil KSO Alat Tes Darah & Lab Apotek | B14: 250000000 | C14: 250000000 | D14: 0.02 | E14: 0 | F14: =B14*D14
A15: Jasa Maintenance Software SIM-Apotek | B15: 150000000 | C15: 150000000 | D15: 0.02 | E15: 3000000 | F15: =B15*D15
A16: TOTAL PPH PASAL 23 | B16: =SUM(B14:B15) | C16: =SUM(C14:C15) | D16: - | E16: =SUM(E14:E15) | F16: =SUM(F14:F15)
A17: SELISIH KURANG POTONG PPH 23 | B17: =F16-E16
A19: 3. AUDIT PPH PASAL 4(2) FINAL (SEWA RUANG BOOTH APOTEK & KANTIN)
A20: Pendapatan / Beban Sewa Lahan | B20: Nilai Sewa Bruto | C20: Objek PPh 4(2) | D20: Tarif Final | E20: PPh 4(2) Dipotong SPT | F20: PPh 4(2) Terutang Audit
A21: Sewa Space Booth Apotek & Konsultasi Dokter | B21: 300000000 | C21: 300000000 | D21: 0.1 | E21: 0 | F21: =B21*D21
A22: Sewa Space Kantin & ATM Center Supermarket | B22: 150000000 | C22: 150000000 | D22: 0.1 | E22: 15000000 | F22: =B22*D22
A23: TOTAL PPH PASAL 4(2) FINAL | B23: =SUM(B21:B22) | C23: =SUM(C21:C22) | D23: - | E23: =SUM(E21:E22) | F23: =SUM(F21:F22)
A24: SELISIH KURANG POTONG PPH 4(2) | B24: =F23-E23

Sheet Kunci Jawaban & Rubrik
A1: RUBRIK EVALUASI & KUNCI JAWABAN SOAL AUDIT PERPAJAKAN PT SERBA ADA SEJAHTERA
A3: No | B3: Area Isu Audit | C3: Temuan Diskrepanai / Anomali | D3: Dasar Hukum / Regulasi | E3: Poin Nilai | F3: Langkah Penyelesaian Konsultan
A4: 1 | B4: PPN Penyerahan Apotek OTC & Resep Dokter | C4: Klien tidak melakukan Gross-Up DPP (100/111) dan salah menganggap obat resep bebas PPN. | D4: Pasal 4A & Pasal 16A UU PPN s.t.d.t.d UU HPP, SE-06/PJ.52/2000 | E4: 25 | F4: Lakukan pembetulan SPT Masa PPN, hitung DPP Gross-up, dan setorkan kurang bayar PPN + bunga KUP.
A5: 2 | B5: PPh Pasal 21 Dokter & Apoteker | C5: Jasa medis dokter dipotong dari tarif pegawai tidak tetap tanpa memisahkan DPP 50% Jasa Medis Murni. | D5: PER-16/PJ/2016, PMK 168/PMK.03/2023 | E5: 20 | F5: Revisi bukti potong e-Bupot 21, pisahkan jasa sarana supermarket vs jasa medis murni dokter.
A6: 3 | B6: PPh Pasal 23 KSO Alat Cek Medis | C6: Bagi hasil KSO alat tes darah apotek tidak dipotong PPh 23 sebesar 2%. | D6: Pasal 23 UU PPh | E6: 15 | F6: Terbitkan bukti potong PPh 23 atas vendor KSO dan lakukan penyetoran sendiri.
A7: 4 | B7: PPh Pasal 4(2) Sewa Booth Space | C7: Sewa space booth apotek di dalam supermarket belum dipotong PPh 4(2) Final 10%. | D7: PP 34 Tahun 2016 | E7: 15 | F7: Lakukan penyetoran PPh 4(2) Final atas sewa ruangan/booth.
A8: 5 | B8: PPh Badan & Kapitalisasi Investasi 18M | C8: Biaya investasi awal apotek Rp 18M langsung di-OpEx-kan penuh di Tahun 1. | D8: Pasal 6 & Pasal 11A UU PPh | E8: 25 | F8: Koreksi fiskal negatif OpEx Rp 18M, kapitalisasi sebagai Harta Tak Berwujud, dan amortisasi 4 thn (Rp 4.5M/thn).
